day_kind,local_hour,small_written,larger_written,night_small,night_larger,small_tube_fill_badges_1_per_5,larger_tube_fill_badges,small_tube_badges_left,larger_tube_badges_left
weekday,0,380,234,382.8333,239.5,77,48,76,47
weekday,1,398,221,382.8333,239.5,77,48,80,44
weekday,2,410,241,382.8333,239.5,77,48,82,48
weekday,3,380,235,382.8333,239.5,77,48,76,47
weekday,4,380,234,382.8333,239.5,77,48,76,47
weekday,5,349,272,382.8333,239.5,77,48,70,54
weekday,6,303,226,382.8333,239.5,77,48,61,45
weekday,7,276,222,382.8333,239.5,77,48,55,44
weekday,8,276,209,382.8333,239.5,77,48,55,42
weekday,9,288,259,382.8333,239.5,77,48,58,52
weekday,10,317,225,382.8333,239.5,77,48,63,45
weekday,11,317,321,382.8333,239.5,77,48,63,64
weekday,12,366,277,382.8333,239.5,77,48,73,55
weekday,13,323,247,382.8333,239.5,77,48,65,49
weekday,14,321,279,382.8333,239.5,77,48,64,56
weekday,15,317,286,382.8333,239.5,77,48,63,57
weekday,16,325,284,382.8333,239.5,77,48,65,57
weekday,17,339,251,382.8333,239.5,77,48,68,50
weekday,18,336,262,382.8333,239.5,77,48,67,52
weekday,19,326,269,382.8333,239.5,77,48,65,54
weekday,20,366,255,382.8333,239.5,77,48,73,51
weekday,21,366,251,382.8333,239.5,77,48,73,50
weekday,22,371,245,382.8333,239.5,77,48,74,49
weekday,23,440,269,382.8333,239.5,77,48,88,54
weekend,0,170,123,169.0,117.8333,34,24,34,25
weekend,1,144,121,169.0,117.8333,34,24,29,24
weekend,2,154,103,169.0,117.8333,34,24,31,21
weekend,3,177,125,169.0,117.8333,34,24,35,25
weekend,4,196,110,169.0,117.8333,34,24,39,22
weekend,5,173,125,169.0,117.8333,34,24,35,25
weekend,6,203,93,169.0,117.8333,34,24,41,19
weekend,7,131,125,169.0,117.8333,34,24,26,25
weekend,8,169,136,169.0,117.8333,34,24,34,27
weekend,9,155,113,169.0,117.8333,34,24,31,23
weekend,10,168,117,169.0,117.8333,34,24,34,23
weekend,11,174,119,169.0,117.8333,34,24,35,24
weekend,12,163,89,169.0,117.8333,34,24,33,18
weekend,13,147,104,169.0,117.8333,34,24,29,21
weekend,14,128,108,169.0,117.8333,34,24,26,22
weekend,15,131,103,169.0,117.8333,34,24,26,21
weekend,16,156,93,169.0,117.8333,34,24,31,19
weekend,17,156,100,169.0,117.8333,34,24,31,20
weekend,18,166,119,169.0,117.8333,34,24,33,24
weekend,19,151,90,169.0,117.8333,34,24,30,18
weekend,20,145,119,169.0,117.8333,34,24,29,24
weekend,21,144,88,169.0,117.8333,34,24,29,18
weekend,22,142,93,169.0,117.8333,34,24,28,19
weekend,23,161,96,169.0,117.8333,34,24,32,19
